player,age,elo,helo,helo_rank,celo,celo_rank,gelo,gelo_rank,peak_elo,peak_month,atp_rank,log_diff
Carlos Alcaraz,22.4,2268.4,2178.3,2.0,2214.5,1.0,2137.6,1.0,2296.4,2025-09,2.0,-0.69
Jannik Sinner,24.1,2267.6,2218.2,1.0,2141.1,2.0,2062.2,2.0,2329.6,2025-01,1.0,0.69
Novak Djokovic,38.3,2076.6,2027.4,3.0,1990.8,4.0,1943.6,3.0,2463.2,2016-05,5.0,-0.51
Alexander Zverev,28.5,2046.1,2003.4,4.0,1995.7,3.0,1878.0,5.0,2176.5,2022-01,3.0,0.29
Taylor Fritz,27.9,2034.0,1978.6,5.0,1899.5,10.0,1941.1,4.0,2070.2,2025-09,4.0,0.22
Alex De Minaur,26.6,2011.0,1963.2,6.0,1902.7,9.0,1841.4,9.0,2053.1,2024-06,7.0,-0.15
Ben Shelton,23.0,1976.2,1928.8,9.0,1854.4,14.0,1803.7,10.0,2024.4,2025-08,6.0,0.15
Felix Auger Aliassime,25.2,1975.7,1944.8,7.0,1858.8,13.0,1789.1,12.0,2062.7,2022-10,8.0,0.0
Daniil Medvedev,29.7,1968.5,1934.5,8.0,1899.0,11.0,1863.3,6.0,2201.2,2022-01,12.0,-0.29
Alexander Bublik,28.3,1966.4,1872.5,17.0,1907.2,7.0,1852.2,7.0,1976.5,2025-10,13.0,-0.26
Lorenzo Musetti,23.6,1957.7,1864.2,19.0,1973.3,5.0,1844.9,8.0,2050.5,2025-05,9.0,0.2
Casper Ruud,26.8,1951.1,1882.7,13.0,1947.6,6.0,1698.8,40.0,2071.9,2022-05,10.0,0.18
Jiri Lehecka,23.9,1937.6,1887.7,12.0,1805.6,26.0,1801.3,11.0,1989.9,2025-10,17.0,-0.27
Jack Draper,23.6,1932.4,1890.1,11.0,1816.6,21.0,1753.5,19.0,2103.8,2025-04,11.0,0.24
Joao Fonseca,19.1,1931.9,1910.2,10.0,1810.3,25.0,1707.2,38.0,1992.5,2025-03,24.0,-0.47
Alejandro Davidovich Fokina,26.3,1919.9,1873.1,16.0,1829.2,19.0,1737.7,22.0,1934.8,2025-07,14.0,0.13
Holger Rune,22.4,1906.9,1874.5,15.0,1878.7,12.0,1763.4,17.0,2082.0,2023-05,15.0,0.13
Learner Tien,19.9,1901.6,1866.9,18.0,1603.2,133.0,1693.1,43.0,1928.3,2025-10,38.0,-0.75
Karen Khachanov,29.4,1893.9,1835.9,22.0,1842.9,17.0,1775.1,15.0,2029.5,2018-10,18.0,0.05
Francisco Cerundolo,27.2,1882.0,1840.9,20.0,1849.3,15.0,1663.2,60.0,1961.6,2025-04,21.0,-0.05
Ugo Humbert,27.3,1880.6,1875.7,14.0,1738.1,42.0,1726.4,30.0,2017.7,2024-03,37.0,-0.57
Andrey Rublev,28.0,1875.2,1831.3,23.0,1845.8,16.0,1787.1,13.0,2122.1,2021-04,16.0,0.32
Corentin Moutet,26.5,1873.1,1806.4,31.0,1779.5,29.0,1752.8,20.0,1881.9,2025-10,31.0,-0.3
Arthur Fils,21.1,1872.6,1795.5,33.0,1842.4,18.0,1722.4,31.0,1985.3,2025-04,39.0,-0.49
Stefanos Tsitsipas,27.0,1866.7,1818.2,28.0,1904.8,8.0,1707.4,37.0,2145.1,2021-05,34.0,-0.31
Tommy Paul,28.2,1861.8,1794.0,34.0,1813.9,24.0,1728.3,28.0,2028.8,2025-05,20.0,0.26
Sebastian Korda,25.3,1861.2,1818.5,27.0,1753.7,37.0,1762.8,18.0,2020.7,2023-01,52.0,-0.66
Grigor Dimitrov,34.4,1859.4,1821.7,26.0,1757.5,34.0,1703.9,39.0,2111.5,2014-08,44.0,-0.45
Arthur Rinderknech,30.2,1855.5,1807.7,29.0,1748.0,38.0,1708.0,36.0,1871.8,2025-10,28.0,0.04
Valentin Vacherot,26.9,1855.4,1837.8,21.0,1717.0,57.0,1581.7,112.0,1867.2,2025-10,30.0,0.0
Jakub Mensik,20.1,1853.5,1826.9,24.0,1757.2,35.0,1688.1,44.0,1968.7,2025-04,19.0,0.49
Gael Monfils,39.0,1848.2,1823.1,25.0,1713.0,63.0,1674.2,54.0,2087.1,2016-10,70.0,-0.78
Flavio Cobolli,23.4,1845.7,1764.7,41.0,1814.6,22.0,1735.1,23.0,1895.6,2025-07,22.0,0.41
Tallon Griekspoor,29.3,1843.8,1785.4,35.0,1783.6,28.0,1779.0,14.0,1951.8,2025-06,25.0,0.31
Cameron Norrie,30.1,1835.5,1768.8,39.0,1818.5,20.0,1738.5,21.0,2028.6,2022-08,27.0,0.26
Gabriel Diallo,24.0,1826.0,1750.5,50.0,1739.0,41.0,1718.2,32.0,1889.2,2025-06,41.0,-0.13
Brandon Nakashima,24.2,1825.3,1777.7,36.0,1726.2,51.0,1735.0,24.0,1909.5,2024-09,33.0,0.11
Denis Shapovalov,26.5,1823.5,1807.7,30.0,1727.0,49.0,1657.2,62.0,1983.2,2020-01,23.0,0.5
Hubert Hurkacz,28.3,1820.8,1752.9,47.0,1756.1,36.0,1727.3,29.0,2022.5,2024-06,78.0,-0.69
Matteo Berrettini,29.5,1819.7,1758.5,43.0,1814.3,23.0,1733.1,25.0,2065.7,2022-07,63.0,-0.45
Frances Tiafoe,27.6,1817.9,1774.5,37.0,1774.0,31.0,1709.8,35.0,1974.0,2023-06,29.0,0.35
Tomas Machac,25.0,1817.7,1797.0,32.0,1718.8,54.0,1681.7,49.0,1972.7,2025-04,32.0,0.27
Jenson Brooksby,25.0,1817.6,1762.2,42.0,1735.0,44.0,1716.2,33.0,2005.3,2022-03,51.0,-0.17
Jaume Munar,28.4,1816.6,1769.0,38.0,1736.3,43.0,1643.1,70.0,1830.4,2025-10,36.0,0.2
Alexei Popyrin,26.2,1809.3,1757.6,45.0,1778.7,30.0,1648.8,67.0,1902.2,2024-10,53.0,-0.16
Zizou Bergs,26.4,1800.1,1768.0,40.0,1690.8,78.0,1663.4,59.0,1859.2,2025-03,40.0,0.14
Fabian Marozsan,26.0,1798.6,1747.9,52.0,1739.3,40.0,1600.5,94.0,1867.2,2024-04,49.0,-0.04
Marin Cilic,37.0,1798.2,1749.5,51.0,1715.0,60.0,1770.0,16.0,2100.4,2010-02,79.0,-0.5
Marton Fucsovics,33.6,1798.1,1746.5,53.0,1728.8,47.0,1730.8,26.0,1924.2,2021-03,55.0,-0.12
Arthur Cazaux,23.1,1796.7,1738.1,56.0,1704.7,70.0,1660.6,61.0,1811.9,2025-10,69.0,-0.32
Kamil Majchrzak,29.7,1793.4,1753.8,46.0,1732.0,45.0,1682.3,47.0,1813.1,2025-10,68.0,-0.29
Roberto Bautista Agut,37.3,1790.9,1724.8,63.0,1730.8,46.0,1729.5,27.0,2033.8,2016-02,94.0,-0.59
Giovanni Mpetshi Perricard,22.3,1789.1,1743.8,54.0,1700.0,74.0,1676.8,52.0,1862.8,2024-12,59.0,-0.11
Reilly Opelka,28.1,1784.4,1750.8,49.0,1699.3,75.0,1652.3,64.0,1927.5,2022-04,50.0,0.08
Raphael Collignon,23.7,1782.6,1758.2,44.0,1684.1,81.0,1588.8,103.0,1806.3,2025-10,76.0,-0.32
Jordan Thompson,31.5,1781.9,1742.8,55.0,1609.3,130.0,1713.4,34.0,1891.2,2024-12,106.0,-0.64
Yibing Wu,25.9,1780.1,1752.3,48.0,1634.9,107.0,1576.6,115.0,1882.9,2023-03,181.0,-1.16
Alejandro Tabilo,28.4,1778.4,1725.5,61.0,1728.7,48.0,1687.6,45.0,1895.7,2024-07,89.0,-0.43
Luciano Darderi,23.6,1775.2,1605.9,135.0,1803.1,27.0,1588.7,104.0,1857.0,2024-06,26.0,0.82
Kei Nishikori,35.5,1772.5,1733.8,58.0,1650.2,99.0,1620.4,80.0,2194.2,2016-08,119.0,-0.68
Tomas Martin Etcheverry,26.2,1771.6,1735.5,57.0,1716.5,58.0,1565.1,127.0,1871.7,2023-05,60.0,0.02
Jacob Fearnley,24.2,1769.5,1724.9,62.0,1724.3,52.0,1653.8,63.0,1910.0,2024-10,73.0,-0.16
Matteo Arnaldi,24.6,1764.8,1718.1,66.0,1760.0,33.0,1583.7,108.0,1902.9,2024-06,64.0,-0.02
Benjamin Bonzi,29.3,1763.9,1731.6,59.0,1619.7,120.0,1651.1,66.0,1835.8,2022-06,57.0,0.12
Lorenzo Sonego,30.4,1763.3,1721.9,65.0,1683.7,82.0,1672.6,55.0,1895.3,2021-05,42.0,0.44
Alex Michelsen,21.1,1762.4,1716.0,69.0,1631.0,113.0,1678.8,51.0,1904.8,2025-01,35.0,0.63
Yannick Hanfmann,33.9,1758.8,1698.6,76.0,1717.2,56.0,1631.7,76.0,1843.4,2023-06,117.0,-0.56
Nuno Borges,28.6,1756.7,1729.1,60.0,1708.9,69.0,1612.7,84.0,1843.6,2025-03,47.0,0.37
Marcos Giron,32.2,1753.5,1705.4,73.0,1648.5,100.0,1693.6,42.0,1874.1,2025-03,72.0,-0.04
Valentin Royer,24.4,1753.1,1699.3,75.0,1676.8,89.0,1652.3,65.0,1800.2,2025-10,56.0,0.22
Jan Lennard Struff,35.5,1749.9,1680.3,88.0,1711.4,65.0,1648.3,68.0,1935.1,2024-07,101.0,-0.35
Eliot Spizzirri,23.8,1749.3,1718.0,68.0,1565.6,165.0,1606.6,88.0,1780.8,2025-10,96.0,-0.29
Daniel Altmaier,27.1,1749.3,1682.8,86.0,1720.8,53.0,1567.3,123.0,1789.1,2021-08,46.0,0.46
Leandro Riedi,23.5,1746.8,1712.0,71.0,1595.9,137.0,1671.2,56.0,1823.3,2023-01,175.0,-0.86
Botic Van De Zandschulp,30.0,1746.6,1714.8,70.0,1689.0,79.0,1594.2,101.0,1938.0,2022-09,80.0,-0.06
Dino Prizmic,20.1,1744.5,1682.3,87.0,1709.6,67.0,1568.4,122.0,1783.6,2025-09,121.0,-0.47
Mariano Navone,24.6,1743.2,1580.1,153.0,1761.4,32.0,1536.4,155.0,1875.9,2024-04,74.0,0.04
Ethan Quinn,21.6,1742.3,1693.8,77.0,1667.6,93.0,1619.2,81.0,1803.9,2025-05,67.0,0.15
Borna Coric,28.7,1740.9,1686.4,82.0,1726.3,50.0,1633.5,74.0,2011.6,2019-01,112.0,-0.35
Pablo Carreno Busta,34.2,1738.7,1723.4,64.0,1704.0,71.0,1567.1,124.0,2005.1,2021-08,91.0,-0.13
Francisco Comesana,25.0,1737.7,1679.8,89.0,1701.2,73.0,1581.8,111.0,1761.9,2025-08,61.0,0.28
Rafael Jodar,19.1,1737.3,1710.6,72.0,1579.3,148.0,1568.7,121.0,1737.3,2025-10,166.0,-0.71
Ignacio Buse,21.5,1735.5,1586.6,149.0,1715.9,59.0,1541.2,149.0,1834.0,2025-09,109.0,-0.27
Juncheng Shang,20.6,1733.9,1687.7,80.0,1634.2,109.0,1644.8,69.0,1895.7,2024-09,254.0,-1.11
Hamad Medjedovic,22.2,1732.9,1685.0,83.0,1703.0,72.0,1599.2,97.0,1844.2,2025-04,65.0,0.27
Roman Safiullin,28.0,1731.1,1718.1,67.0,1669.1,92.0,1600.8,92.0,1911.3,2024-01,163.0,-0.64
David Goffin,34.8,1730.7,1683.7,85.0,1696.1,77.0,1682.1,48.0,2048.7,2017-04,116.0,-0.29
Michael Zheng,21.7,1729.7,1701.1,74.0,1474.9,238.0,1545.5,142.0,1777.3,2025-09,184.0,-0.74
Miomir Kecmanovic,26.1,1729.3,1684.4,84.0,1685.7,80.0,1626.4,77.0,1900.6,2022-04,54.0,0.5
Alexandre Muller,28.7,1725.3,1657.6,96.0,1718.5,55.0,1546.7,140.0,1801.7,2025-05,43.0,0.74
Adrian Mannarino,37.3,1724.8,1689.0,78.0,1532.6,182.0,1686.3,46.0,1896.3,2018-01,71.0,0.25
Laslo Djere,30.4,1721.0,1628.1,116.0,1745.0,39.0,1583.1,110.0,1854.6,2023-09,82.0,0.12
Dominik Koepfer,30.7,1719.9,1669.9,94.0,1712.3,64.0,1613.0,83.0,1822.7,2024-03,507.0,-1.7
Jesper De Jong,25.4,1717.1,1657.0,97.0,1710.7,66.0,1539.5,153.0,1741.0,2025-10,77.0,0.2
Alexander Blockx,20.5,1716.7,1688.3,79.0,1594.8,138.0,1603.4,89.0,1743.2,2025-01,102.0,-0.07
Yoshihito Nishioka,30.0,1712.1,1686.5,81.0,1630.0,114.0,1551.5,139.0,1884.7,2023-01,134.0,-0.33
Zachary Svajda,22.7,1709.9,1635.6,111.0,1516.5,198.0,1697.1,41.0,1769.0,2023-10,142.0,-0.38
Terence Atmane,23.7,1708.0,1678.3,91.0,1616.0,125.0,1543.9,144.0,1760.2,2025-09,66.0,0.4
Nicolas Jarry,29.9,1706.7,1637.0,110.0,1679.4,85.0,1664.4,58.0,1903.0,2023-10,120.0,-0.19
Cristian Garin,29.3,1705.0,1626.5,117.0,1697.8,76.0,1636.3,72.0,1889.6,2019-04,104.0,-0.04
Camilo Ugo Carabelli,26.3,1704.5,1603.6,137.0,1714.4,62.0,1468.9,226.0,1771.9,2025-05,48.0,0.74
Stan Wawrinka,40.5,1702.7,1679.2,90.0,1646.2,102.0,1602.2,90.0,2145.5,2016-01,159.0,-0.44
Pablo Llamas Ruiz,22.9,1700.0,1586.4,150.0,1678.8,87.0,1541.2,150.0,1733.1,2023-08,205.0,-0.69
Zhizhen Zhang,28.9,1699.2,1625.3,119.0,1714.4,61.0,1600.6,93.0,1830.9,2024-09,405.0,-1.36
Alexander Shevchenko,24.8,1696.1,1645.1,105.0,1652.4,97.0,1490.8,197.0,1792.0,2024-02,97.0,0.08
Hugo Gaston,25.0,1695.8,1676.7,92.0,1634.9,108.0,1572.1,119.0,1795.1,2021-11,98.0,0.08
Lloyd Harris,28.6,1691.5,1644.0,107.0,1579.1,149.0,1642.7,71.0,1896.0,2021-10,221.0,-0.73
Arthur Fery,23.2,1691.0,1652.6,100.0,1455.5,256.0,1504.0,187.0,1715.7,2025-10,197.0,-0.6
Nikoloz Basilashvili,33.6,1688.7,1650.4,101.0,1618.3,122.0,1632.0,75.0,1889.8,2019-01,108.0,0.01
Mackenzie Mcdonald,30.5,1687.8,1656.4,98.0,1540.1,176.0,1600.3,96.0,1847.6,2023-03,110.0,0.0
Damir Dzumhur,33.4,1687.7,1631.7,115.0,1676.6,90.0,1557.2,131.0,1895.8,2017-09,58.0,0.65
Jason Kubler,32.4,1684.5,1632.3,114.0,1613.2,127.0,1679.3,50.0,1790.0,2022-07,188.0,-0.52
Nicolai Budkov Kjaer,19.1,1684.3,1661.2,95.0,1612.6,128.0,1541.9,148.0,1749.3,2025-10,132.0,-0.16
Luka Mikrut,21.5,1684.2,1513.0,201.0,1679.3,86.0,1542.1,147.0,1735.4,2025-10,160.0,-0.34
Shintaro Mochizuki,22.4,1683.7,1614.3,127.0,1568.3,158.0,1669.7,57.0,1714.9,2025-10,93.0,0.21
Aleksandar Vukic,29.5,1682.5,1642.8,108.0,1569.7,156.0,1599.1,98.0,1773.3,2025-01,87.0,0.29
Juan Manuel Cerundolo,23.9,1681.9,1591.5,147.0,1679.6,84.0,1458.3,247.0,1774.8,2021-10,86.0,0.31
Sebastian Ofner,29.4,1680.4,1591.0,148.0,1678.7,88.0,1618.8,82.0,1812.7,2024-01,136.0,-0.14
Christopher Oconnell,31.3,1679.6,1673.4,93.0,1614.4,126.0,1543.9,145.0,1814.1,2025-03,107.0,0.11
Patrick Kypson,25.9,1678.3,1654.8,99.0,1569.5,157.0,1501.4,190.0,1709.4,2024-02,146.0,-0.2
Emilio Nava,23.8,1677.6,1614.6,126.0,1623.9,117.0,1562.5,128.0,1738.2,2025-09,90.0,0.3
Roman Andres Burruchaga,23.7,1677.6,1532.1,184.0,1657.9,95.0,1554.5,134.0,1698.7,2025-10,105.0,0.15
Filip Misolic,24.2,1677.4,1552.0,171.0,1709.0,68.0,1576.4,116.0,1829.4,2025-07,85.0,0.37
Otto Virtanen,24.3,1675.9,1621.5,122.0,1517.5,197.0,1675.5,53.0,1768.8,2024-03,141.0,-0.13
Bu Yunchaokete,23.7,1675.4,1633.6,113.0,1604.4,132.0,1479.9,210.0,1834.9,2024-09,114.0,0.09
Martin Landaluce,19.8,1674.7,1649.5,102.0,1545.7,174.0,1635.7,73.0,1741.8,2024-10,130.0,-0.03
Roberto Carballes Baena,32.5,1673.4,1623.7,121.0,1653.8,96.0,1526.5,164.0,1788.1,2024-07,133.0,-0.05
Dalibor Svrcina,23.0,1673.2,1647.0,103.0,1589.5,143.0,1505.6,185.0,1712.9,2025-04,88.0,0.37
Mark Lajal,22.4,1672.7,1635.3,112.0,1531.6,184.0,1623.9,78.0,1685.3,2025-07,148.0,-0.14
Jerome Kym,22.6,1671.1,1644.4,106.0,1601.0,134.0,1513.2,176.0,1738.0,2024-10,178.0,-0.31
Sebastian Baez,24.8,1669.1,1570.9,156.0,1682.5,83.0,1501.0,191.0,1941.4,2022-07,45.0,1.07
Mattia Bellucci,24.4,1668.3,1626.3,118.0,1547.2,173.0,1608.3,86.0,1814.3,2024-10,75.0,0.57
Titouan Droguet,24.3,1668.0,1597.4,142.0,1673.2,91.0,1577.1,114.0,1722.4,2025-07,150.0,-0.12
Giulio Zeppieri,23.8,1667.0,1641.2,109.0,1592.8,141.0,1601.4,91.0,1691.2,2022-07,155.0,-0.15
Zsombor Piros,26.0,1664.3,1597.4,143.0,1641.7,104.0,1554.1,137.0,1731.0,2023-04,165.0,-0.2
Nishesh Basavareddy,20.4,1661.6,1646.0,104.0,1463.3,251.0,1514.2,173.0,1856.6,2025-01,135.0,0.01
Richard Gasquet,38.9,1659.2,1617.4,124.0,1617.5,124.0,1600.5,95.0,2059.5,2016-05,281.0,-0.72
Guy Den Ouden,23.4,1657.4,1368.3,351.0,1659.8,94.0,1489.1,199.0,1722.8,2025-08,158.0,-0.14
Vilius Gaubas,20.7,1656.2,1511.8,204.0,1636.7,106.0,1566.8,126.0,1718.5,2025-05,128.0,0.08
Dusan Lajovic,35.3,1652.9,1567.8,160.0,1647.0,101.0,1504.0,188.0,1854.6,2018-10,115.0,0.2
Quentin Halys,29.0,1651.1,1610.6,131.0,1632.2,110.0,1607.0,87.0,1811.4,2023-04,84.0,0.52
Vit Kopriva,28.3,1649.3,1570.7,157.0,1644.4,103.0,1558.2,130.0,1760.5,2025-05,92.0,0.43
Carlos Taberner,28.1,1649.2,1470.1,247.0,1637.5,105.0,1452.8,253.0,1725.0,2021-10,103.0,0.33
Gilles Arnaud Bailly,20.0,1648.5,1604.5,136.0,1567.2,161.0,1574.2,118.0,1656.4,2025-10,207.0,-0.36
Nicolas Moreno De Alboran,27.8,1648.4,1624.8,120.0,1581.1,146.0,1527.6,163.0,1687.7,2024-11,394.0,-1.0
Coleman Wong,21.3,1648.1,1618.0,123.0,1461.6,252.0,1520.5,167.0,1673.5,2025-09,152.0,-0.04
Jan Choinski,29.3,1647.5,1498.8,219.0,1651.9,98.0,1439.7,278.0,1662.8,2025-10,126.0,0.15
Sho Shimabukuro,28.2,1647.1,1608.6,132.0,1515.4,201.0,1586.6,105.0,1692.5,2023-09,157.0,-0.06
Francesco Passaro,24.8,1646.5,1597.3,144.0,1624.7,116.0,1479.6,211.0,1779.0,2022-08,129.0,0.14
Luca Nardi,22.2,1645.0,1612.0,129.0,1594.7,139.0,1458.6,245.0,1724.6,2024-04,81.0,0.62
Alex Molcan,27.9,1644.8,1610.8,130.0,1617.9,123.0,1567.0,125.0,1872.5,2022-07,199.0,-0.28
Andrea Vavassori,30.3,1644.8,1606.1,134.0,1619.1,121.0,1516.4,172.0,1734.8,2023-04,337.0,-0.8
Borna Gojo,27.6,1639.1,1614.7,125.0,1628.4,115.0,1446.3,260.0,1800.2,2023-10,290.0,-0.64
Thiago Agustin Tirante,24.5,1633.7,1614.1,128.0,1594.1,140.0,1505.3,186.0,1707.7,2025-08,100.0,0.43
Aslan Karatsev,31.9,1633.5,1593.3,145.0,1631.9,112.0,1497.5,195.0,1964.6,2021-05,371.0,-0.87
Harold Mayot,23.7,1632.0,1600.5,138.0,1600.0,135.0,1530.2,161.0,1701.9,2024-06,162.0,-0.04
Adam Walton,26.5,1630.7,1600.2,139.0,1467.5,246.0,1484.8,203.0,1747.1,2025-04,83.0,0.64
Rinky Hijikata,24.6,1629.5,1591.9,146.0,1472.3,240.0,1575.1,117.0,1744.9,2025-01,127.0,0.22
Chris Rodesch,24.2,1627.6,1555.8,166.0,1585.9,144.0,1583.5,109.0,1648.9,2025-06,182.0,-0.14
Marco Trungelliti,35.7,1627.6,1511.0,205.0,1632.1,111.0,1481.6,209.0,1693.1,2018-07,137.0,0.16
Ugo Blanchet,26.8,1625.6,1607.8,133.0,1537.4,178.0,1490.3,198.0,1662.1,2025-08,143.0,0.12
Fabio Fognini,38.1,1622.9,1568.7,158.0,1620.0,119.0,1554.3,136.0,2003.8,2014-04,,
Emil Ruusuvuori,26.5,1622.1,1598.8,140.0,1566.4,164.0,1584.5,107.0,1893.2,2023-06,574.0,-1.26
Daniel Evans,35.2,1621.1,1584.6,151.0,1532.8,181.0,1608.4,85.0,1902.5,2021-04,183.0,-0.11
Facundo Diaz Acosta,24.8,1619.7,1527.2,191.0,1609.6,129.0,1445.9,261.0,1791.9,2024-02,224.0,-0.31
Aleksandar Kovacevic,27.1,1618.2,1598.0,141.0,1490.2,226.0,1485.0,202.0,1758.8,2024-04,62.0,0.98
James Duckworth,33.7,1613.8,1575.0,154.0,1519.7,193.0,1553.8,138.0,1785.9,2021-11,113.0,0.39
Tristan Schoolkate,24.6,1611.9,1568.4,159.0,1369.0,350.0,1591.8,102.0,1703.1,2025-07,99.0,0.53
Pedro Martinez,28.5,1610.0,1554.1,167.0,1604.7,131.0,1466.4,230.0,1844.3,2022-04,95.0,0.58
Justin Engel,18.0,1603.7,1582.8,152.0,1432.4,276.0,1530.9,159.0,1603.7,2025-10,193.0,-0.13
Tomas Barrios Vera,27.8,1601.2,1511.0,206.0,1579.6,147.0,1568.8,120.0,1710.3,2023-07,122.0,0.34
Elmer Moller,22.2,1599.8,1483.4,233.0,1573.9,152.0,1529.0,162.0,1741.1,2025-04,138.0,0.22
Luca Van Assche,21.4,1597.6,1574.9,155.0,1556.9,169.0,1503.7,189.0,1801.5,2023-04,172.0,0.01
Lukas Klein,27.6,1595.6,1519.8,199.0,1621.2,118.0,1554.4,135.0,1777.5,2024-03,123.0,0.35
Juan Carlos Prado Angelo,20.6,1595.4,1405.8,315.0,1577.3,150.0,1497.7,194.0,1611.6,2025-10,226.0,-0.26
Jurij Rodionov,26.4,1593.6,1563.7,161.0,1547.9,172.0,1513.4,174.0,1702.1,2023-06,161.0,0.09
Matteo Gigante,23.7,1591.8,1533.6,182.0,1598.0,136.0,1457.1,249.0,1709.5,2025-05,151.0,0.16
Facundo Bagnis,35.5,1590.7,1512.9,202.0,1583.8,145.0,1363.2,406.0,1737.0,2021-07,398.0,-0.8
Alex Bolt,32.7,1589.7,1535.6,178.0,1359.9,360.0,1580.2,113.0,1688.9,2019-03,198.0,-0.1
Billy Harris,30.7,1588.6,1547.0,173.0,1442.6,267.0,1546.7,141.0,1711.4,2024-06,124.0,0.37
Yu Hsiou Hsu,26.5,1588.5,1560.3,163.0,1424.2,285.0,1395.7,346.0,1648.0,2023-11,220.0,-0.2
Hugo Dellien,32.3,1586.1,1469.2,250.0,1567.3,160.0,1453.8,251.0,1779.8,2022-05,125.0,0.38
Michael Mmoh,27.7,1584.8,1556.4,165.0,1502.3,214.0,1509.3,180.0,1762.3,2017-02,291.0,-0.46
Daniel Elahi Galan,29.2,1582.4,1533.2,183.0,1548.8,171.0,1518.2,170.0,1757.5,2022-09,149.0,0.21
Andrea Pellegrino,28.5,1581.4,1390.9,325.0,1573.1,154.0,1412.6,317.0,1644.1,2025-06,139.0,0.29
Federico Coria,33.4,1580.0,1470.7,245.0,1558.5,168.0,1391.7,354.0,1754.4,2021-07,216.0,-0.15
Adolfo Daniel Vallejo,21.4,1579.6,1395.0,322.0,1575.1,151.0,1539.8,152.0,1593.0,2025-10,168.0,0.11
Yosuke Watanuki,27.5,1579.4,1540.4,175.0,1566.6,163.0,1556.6,132.0,1798.2,2023-05,170.0,0.1
Yi Zhou,20.6,1577.8,1552.3,170.0,1380.7,334.0,1488.9,200.0,1596.9,2025-10,252.0,-0.29
Alvaro Guillen Meza,22.8,1576.1,1328.6,393.0,1563.4,167.0,1468.0,229.0,1587.0,2025-10,213.0,-0.11
Martin Damm,22.0,1574.4,1553.4,168.0,1354.5,367.0,1595.3,100.0,1767.9,1999-11,173.0,0.1
Maximilian Marterer,30.1,1574.4,1525.5,192.0,1563.9,166.0,1507.9,182.0,1815.1,2018-06,664.0,-1.24
Felipe Meligeni Alves,27.3,1574.0,1470.2,246.0,1569.8,155.0,1545.5,143.0,1695.3,2023-10,201.0,-0.04
Pierre Hugues Herbert,34.6,1573.8,1560.6,162.0,1504.8,212.0,1536.9,154.0,1867.9,2019-06,144.0,0.3
Hugo Grenier,29.5,1573.8,1547.6,172.0,1438.4,271.0,1471.0,223.0,1734.0,2022-09,179.0,0.09
Colton Smith,22.6,1572.4,1533.8,181.0,1478.1,236.0,1555.1,133.0,1837.6,2025-06,147.0,0.29
Hyeon Chung,29.4,1571.7,1553.1,169.0,1567.4,159.0,1441.8,273.0,1991.8,2018-03,377.0,-0.65
Kyrian Jacquet,24.4,1569.3,1558.0,164.0,1508.4,207.0,1507.5,183.0,1735.1,2025-02,156.0,0.24
Bernard Tomic,32.9,1568.8,1527.9,190.0,1468.8,244.0,1559.1,129.0,1947.4,2015-03,185.0,0.07
Dhakshineswar Suresh,25.5,1567.1,1532.0,185.0,1393.6,317.0,1483.6,206.0,1616.6,2025-10,528.0,-0.97
Ilya Ivashka,31.4,1566.9,1528.7,187.0,1591.9,142.0,1530.9,160.0,1922.5,2021-09,766.0,-1.34
Gustavo Heide,23.6,1566.3,1446.3,273.0,1554.6,170.0,1452.7,254.0,1661.1,2024-07,341.0,-0.52
Liam Draxl,23.8,1565.7,1536.0,177.0,1518.6,195.0,1443.6,265.0,1699.6,2025-07,118.0,0.54
Daniel Merida Aguilar,21.0,1564.3,1496.4,221.0,1530.4,185.0,1482.1,208.0,1669.8,2025-09,171.0,0.18
Constant Lestienne,33.1,1563.6,1534.7,180.0,1433.6,274.0,1457.5,248.0,1781.3,2023-01,303.0,-0.39
August Holmgren,27.4,1563.1,1507.7,211.0,1421.3,287.0,1621.8,79.0,1677.9,2021-09,169.0,0.2
Brandon Holt,27.5,1562.7,1539.7,176.0,1366.6,353.0,1519.9,168.0,1725.5,2025-02,111.0,0.62
Alexis Galarneau,26.6,1558.6,1530.9,186.0,1432.0,277.0,1498.2,193.0,1631.5,2024-04,187.0,0.11
Albert Ramos,37.7,1557.7,1520.0,198.0,1526.1,189.0,1424.1,299.0,1889.0,2017-04,353.0,-0.52
Sumit Nagal,28.1,1556.9,1528.4,188.0,1533.5,180.0,1410.9,322.0,1745.2,2019-09,276.0,-0.27
Jack Pinnington Jones,22.5,1555.6,1478.7,238.0,1429.4,281.0,1585.2,106.0,1640.9,2025-07,190.0,0.1
Elias Ymer,29.5,1554.6,1528.1,189.0,1507.7,208.0,1511.1,178.0,1751.8,2015-06,189.0,0.11
Chun Hsin Tseng,24.2,1551.0,1475.3,239.0,1573.5,153.0,1403.7,332.0,1715.6,2022-04,131.0,0.49
Thiago Monteiro,31.3,1550.8,1524.2,193.0,1539.5,177.0,1462.2,233.0,1748.2,2024-05,176.0,0.2
Mikhail Kukushkin,37.7,1550.7,1509.3,210.0,1528.3,186.0,1532.6,157.0,1864.2,2010-10,314.0,-0.38
Cedrik Marcel Stebe,35.0,1550.5,1521.9,196.0,1541.9,175.0,1460.4,238.0,1824.7,2017-09,426.0,-0.68
Pavel Kotov,26.9,1550.4,1515.5,200.0,1534.0,179.0,1479.2,212.0,1797.1,2024-05,454.0,-0.74
Alejandro Moro Canas,24.8,1548.3,1520.2,197.0,1506.1,210.0,1497.5,196.0,1673.5,2024-07,238.0,-0.09
Alexander Ritschard,31.4,1547.6,1463.4,258.0,1566.8,162.0,1479.1,213.0,1695.9,2024-07,522.0,-0.87
Moez Echargui,32.7,1545.6,1522.5,195.0,1447.1,262.0,1472.8,220.0,1647.0,2025-09,140.0,0.45
Francesco Maestrelli,22.8,1545.0,1501.8,217.0,1518.2,196.0,1418.0,306.0,1711.4,2022-07,154.0,0.36
Henri Squire,25.0,1543.9,1469.7,248.0,1532.6,183.0,1385.4,369.0,1670.0,2024-06,257.0,-0.15
Trevor Svajda,19.4,1543.6,1510.0,207.0,1381.8,331.0,1471.8,222.0,1625.4,2025-09,387.0,-0.55
Luka Pavlovic,25.5,1542.8,1381.2,338.0,1522.1,192.0,1499.3,192.0,1635.0,2025-07,210.0,0.06
Gonzalo Bueno,21.5,1540.8,1306.9,411.0,1522.9,191.0,1470.4,224.0,1578.2,2025-10,218.0,0.03
Daniil Glinka,25.4,1538.2,1509.8,208.0,1519.1,194.0,1519.1,169.0,1579.0,2025-09,256.0,-0.12
Jay Dylan Hara Friend,21.8,1537.4,1523.1,194.0,1373.6,344.0,1468.7,227.0,1581.8,2025-10,482.0,-0.75
Dominic Stricker,23.1,1535.6,1500.0,218.0,1493.6,221.0,1531.3,158.0,1798.6,2021-06,345.0,-0.41
Li Tu,29.1,1535.4,1486.0,232.0,1440.0,270.0,1540.2,151.0,1633.5,2022-10,251.0,-0.09
George Loffhagen,24.5,1534.3,1489.3,229.0,1377.1,342.0,1449.4,257.0,1649.0,2025-07,200.0,0.14
Stefano Napolitano,30.4,1533.3,1468.7,251.0,1526.3,188.0,1485.5,201.0,1662.1,2024-05,525.0,-0.82
Oliver Tarvet,21.9,1532.5,1479.0,237.0,1516.3,199.0,1597.7,99.0,1735.2,2025-08,338.0,-0.38
Ricardas Berankis,35.1,1529.4,1490.1,228.0,1527.5,187.0,1510.6,179.0,1842.4,2011-02,407.0,-0.56
Thiago Seyboth Wild,25.5,1529.0,1535.1,179.0,1507.1,209.0,1476.6,217.0,1793.4,2024-05,214.0,0.09
James Trotter,26.1,1528.9,1503.3,214.0,1413.7,297.0,1442.2,272.0,1658.1,2025-01,260.0,-0.1
Clement Chidekh,24.2,1527.5,1502.8,215.0,1375.3,343.0,1463.8,231.0,1695.5,2024-03,234.0,0.01
Zdenek Kolar,29.0,1527.5,1450.6,270.0,1512.8,204.0,1460.4,239.0,1621.1,2021-09,223.0,0.06
Stefanos Sakellaridis,21.0,1526.6,1472.9,242.0,1525.7,190.0,1513.3,175.0,1590.2,2025-10,277.0,-0.15
Marc Andrea Huesler,29.3,1526.2,1503.4,213.0,1509.9,206.0,1477.7,215.0,1817.0,2023-02,258.0,-0.08
Marko Topo,22.1,1525.5,1468.4,252.0,1495.5,219.0,1472.0,221.0,1663.9,2022-04,284.0,-0.17
Stefano Travaglia,33.7,1524.3,1475.0,240.0,1514.7,203.0,1429.1,294.0,1793.8,2021-02,230.0,0.05
Alex Barrena,23.0,1524.3,1354.3,365.0,1512.1,205.0,1462.2,234.0,1596.1,2025-07,177.0,0.31
Jaime Faria,22.2,1524.0,1474.5,241.0,1499.8,216.0,1524.0,166.0,1692.5,2024-05,153.0,0.46
Norbert Gombos,35.2,1523.6,1482.4,235.0,1515.9,200.0,1443.3,268.0,1753.2,2020-11,296.0,-0.19
Christopher Eubanks,29.4,1523.4,1493.0,225.0,1414.6,294.0,1524.2,165.0,1864.8,2023-07,196.0,0.22
Beibit Zhukayev,25.0,1523.1,1471.7,243.0,1364.7,355.0,1543.6,146.0,1640.2,2023-11,282.0,-0.14
Tristan Boyer,24.5,1522.4,1509.8,209.0,1492.3,222.0,1433.6,288.0,1753.1,2025-01,145.0,0.53
Nerman Fatic,30.9,1521.1,1465.1,256.0,1490.5,225.0,1478.9,214.0,1584.4,2023-07,206.0,0.19
Duje Ajdukovic,24.7,1520.2,1512.2,203.0,1498.3,217.0,1374.0,387.0,1687.6,2024-09,322.0,-0.26
Matej Dodig,20.2,1520.2,1487.6,231.0,1460.5,253.0,1460.1,240.0,1601.7,2024-09,248.0,0.01
Federico Cina,18.5,1520.0,1491.8,227.0,1487.3,229.0,1460.0,241.0,1644.2,2025-06,209.0,0.18
Joel Schwaerzler,19.7,1519.9,1368.2,352.0,1505.2,211.0,1459.9,242.0,1621.9,2024-05,244.0,0.03
Dan Added,26.5,1518.9,1487.8,230.0,1361.7,358.0,1459.4,244.0,1547.1,2025-09,204.0,0.22
Edas Butvilas,21.2,1518.8,1504.4,212.0,1407.1,306.0,1443.4,267.0,1672.0,2024-09,267.0,-0.05
Johannus Monday,23.7,1518.5,1497.1,220.0,1369.3,349.0,1409.4,323.0,1551.9,2025-02,212.0,0.18
Kimmer Coppejans,31.7,1518.3,1465.4,254.0,1483.0,231.0,1442.6,271.0,1697.0,2015-04,191.0,0.29
Gregoire Barrere,31.5,1517.8,1494.5,223.0,1490.7,224.0,1518.2,171.0,1804.5,2020-02,413.0,-0.47
Rei Sakamoto,19.3,1516.8,1481.0,236.0,1399.6,311.0,1458.4,246.0,1656.2,2025-07,180.0,0.36
Lukas Neumayer,23.1,1515.0,1372.6,350.0,1503.1,213.0,1413.1,313.0,1600.2,2025-06,186.0,0.33
Alibek Kachmazov,23.0,1514.6,1493.9,224.0,1408.5,304.0,1461.7,236.0,1637.5,2025-04,374.0,-0.36
Henrique Rocha,21.5,1513.9,1458.0,266.0,1514.7,202.0,1462.8,232.0,1637.6,2024-09,167.0,0.45
Franco Agamenone,32.4,1511.7,1375.5,345.0,1495.4,220.0,1384.8,373.0,1707.6,2021-10,308.0,-0.16
Abedallah Shelbayh,21.8,1510.6,1502.6,216.0,1390.8,320.0,1472.9,219.0,1648.2,2024-02,274.0,-0.04
Taro Daniel,32.7,1509.8,1492.3,226.0,1470.9,241.0,1452.6,255.0,1766.8,2023-04,324.0,-0.2
Genaro Alberto Olivieri,27.2,1508.5,1367.4,354.0,1491.0,223.0,1379.2,381.0,1585.6,2023-07,228.0,0.15
Mitchell Krueger,31.7,1507.0,1462.3,259.0,1481.1,235.0,1446.7,259.0,1653.6,2022-04,236.0,0.12
Marco Cecchinato,33.0,1502.1,1411.0,307.0,1482.2,234.0,1401.3,336.0,1838.6,2018-07,233.0,0.14
Timofey Skatov,24.7,1499.4,1437.7,280.0,1501.5,215.0,1461.7,237.0,1672.0,2024-07,237.0,0.12
Juan Pablo Varillas,30.0,1498.7,1389.5,328.0,1488.8,228.0,1377.4,383.0,1730.0,2021-10,330.0,-0.2
Ryan Peniston,29.9,1498.4,1465.9,253.0,1385.2,327.0,1468.6,228.0,1723.2,2022-06,194.0,0.33
Javier Barranco Cosano,26.9,1497.1,1432.4,284.0,1468.5,245.0,1452.5,256.0,1581.0,2024-07,361.0,-0.29
Hynek Barton,21.5,1496.7,1458.9,264.0,1463.4,250.0,1448.3,258.0,1544.9,2025-07,298.0,-0.09
Daniel Rincon,22.7,1495.0,1540.8,174.0,1430.8,279.0,1357.9,414.0,1613.8,2023-09,235.0,0.15
Pedro Cachin,30.1,1494.6,1396.9,320.0,1497.1,218.0,1383.9,375.0,1767.7,2023-07,665.0,-0.89
Manuel Guinard,29.3,1493.8,1469.3,249.0,1446.2,263.0,1392.7,352.0,1664.3,2022-03,659.0,-0.87
Yasutaka Uchiyama,33.2,1493.2,1461.0,262.0,1362.7,357.0,1432.6,291.0,1727.5,2019-10,306.0,-0.1
Antoine Ghibaudo,20.7,1492.6,1453.8,268.0,1350.2,372.0,1508.6,181.0,1518.9,2025-09,339.0,-0.2
Harry Wendelken,23.8,1492.5,1482.7,234.0,1356.2,362.0,1398.9,340.0,1526.6,2025-10,364.0,-0.27
Federico Agustin Gomez,28.9,1490.1,1461.2,261.0,1455.0,257.0,1453.1,252.0,1668.6,2024-09,270.0,0.03
Enzo Couacaud,30.5,1490.1,1460.9,263.0,1474.7,239.0,1484.1,204.0,1647.1,2020-02,586.0,-0.74
Hamish Stewart,26.2,1489.9,1426.2,292.0,1355.0,365.0,1506.2,184.0,1602.2,2025-08,346.0,-0.21
Radu Albot,35.9,1487.9,1464.7,257.0,1469.0,243.0,1512.8,177.0,1823.4,2019-05,445.0,-0.46
Ilia Simakin,22.0,1487.1,1449.3,271.0,1353.5,369.0,1443.5,266.0,1616.5,2025-05,271.0,0.04
Gauthier Onclin,24.6,1487.0,1437.0,281.0,1482.8,232.0,1445.1,264.0,1591.3,2023-07,217.0,0.27
Dimitar Kuzmanov,32.2,1486.8,1495.8,222.0,1430.6,280.0,1438.3,279.0,1640.1,2021-05,250.0,0.13
Mats Rosenkranz,27.1,1486.6,1471.6,244.0,1336.8,385.0,1415.0,311.0,1503.3,2025-10,261.0,0.09
Sandro Kopp,25.3,1485.9,1366.9,356.0,1463.5,249.0,1442.9,269.0,1512.0,2025-09,332.0,-0.15
Calvin Hemery,30.7,1483.2,1427.4,290.0,1484.6,230.0,1393.8,348.0,1651.1,2015-06,231.0,0.22
Petr Brunclik,19.2,1482.6,1458.6,265.0,1393.3,318.0,1441.3,274.0,1525.1,2025-10,319.0,-0.1
Benjamin Hassan,30.6,1481.0,1434.0,283.0,1476.4,237.0,1437.3,280.0,1680.2,2023-10,215.0,0.3
Dennis Novak,32.1,1477.4,1461.8,260.0,1458.7,254.0,1534.8,156.0,1758.9,2019-11,513.0,-0.57
Geoffrey Blancaneaux,27.1,1476.6,1428.6,288.0,1466.5,247.0,1366.3,401.0,1591.5,2023-05,253.0,0.14
Max Hans Rehberg,21.6,1476.0,1457.7,267.0,1393.7,316.0,1370.9,393.0,1575.0,2025-02,401.0,-0.31
Frederico Ferreira Silva,30.6,1475.3,1442.5,275.0,1431.9,278.0,1459.9,243.0,1642.4,2021-05,249.0,0.17
Remy Bertola,27.1,1473.9,1451.7,269.0,1367.7,351.0,1437.0,282.0,1498.9,2025-10,239.0,0.21
Jozef Kovalik,32.8,1472.8,1421.1,296.0,1465.6,248.0,1374.3,386.0,1721.8,2018-07,558.0,-0.63
Nicolas Mejia,25.7,1472.6,1419.3,298.0,1482.3,233.0,1436.3,284.0,1536.3,2021-07,208.0,0.36
Andre Ilagan,24.9,1471.1,1448.4,272.0,1345.6,379.0,1435.6,286.0,1524.7,2025-10,340.0,-0.13
Rio Noguchi,26.8,1469.6,1430.2,287.0,1282.4,425.0,1389.7,359.0,1516.0,2022-10,246.0,0.2
James Mccabe,22.2,1469.3,1425.3,294.0,1298.1,414.0,1483.7,205.0,1584.1,2025-03,195.0,0.43
Gastao Elias,34.6,1468.9,1440.0,277.0,1442.1,269.0,1382.8,377.0,1737.5,2016-08,351.0,-0.15
Juan Pablo Ficovich,28.7,1468.1,1436.4,282.0,1443.2,266.0,1445.3,263.0,1597.4,2020-10,164.0,0.61
Tom Gentzsch,22.1,1467.6,1408.8,310.0,1411.3,300.0,1433.8,287.0,1502.7,2025-10,287.0,0.05
Maks Kasnikowski,22.3,1466.6,1412.4,305.0,1489.6,227.0,1483.3,207.0,1652.1,2024-06,563.0,-0.62
Yuta Shimizu,26.3,1466.5,1431.2,286.0,1319.3,398.0,1439.9,277.0,1590.8,2024-05,255.0,0.18
Kilian Feldbausch,20.0,1465.9,1317.5,400.0,1449.5,260.0,1433.0,290.0,1499.1,2024-01,336.0,-0.09
Andrea Collarini,33.7,1465.5,1341.8,378.0,1448.3,261.0,1353.1,421.0,1572.5,2019-09,273.0,0.12
Hady Habib,27.1,1463.5,1431.4,285.0,1456.0,255.0,1457.0,250.0,1624.9,2025-05,174.0,0.57
David Jorda Sanchis,31.3,1463.3,1364.6,360.0,1442.1,268.0,1392.8,350.0,1531.3,2023-07,419.0,-0.3
Gianluca Mager,30.4,1462.0,1406.3,314.0,1450.4,259.0,1424.5,298.0,1733.2,2022-01,903.0,-1.07
Stefan Kozlov,27.4,1461.7,1413.9,301.0,1444.1,264.0,1430.8,292.0,1724.4,2022-02,471.0,-0.42
Rodrigo Pacheco Mendez,20.4,1459.2,1418.5,299.0,1426.0,283.0,1429.6,293.0,1511.2,2025-06,202.0,0.43
Stuart Parker,28.1,1456.9,1438.3,279.0,1338.5,382.0,1336.1,446.0,1524.1,2025-03,384.0,-0.2
Oriol Roca Batalla,32.1,1456.9,1383.4,335.0,1433.1,275.0,1389.6,360.0,1554.6,2024-06,475.0,-0.41
Andres Martin,24.3,1454.5,1426.8,291.0,1443.6,265.0,1477.3,216.0,1603.6,2022-07,269.0,0.16
Petr Bar Biryukov,23.6,1454.5,1425.3,293.0,1337.2,384.0,1427.2,295.0,1488.1,2025-10,293.0,0.08
Marat Sharipov,22.9,1453.2,1440.3,276.0,1402.9,310.0,1426.6,296.0,1613.9,2025-02,279.0,0.13
Joao Lucas Reis Da Silva,25.5,1453.2,1375.9,344.0,1433.7,273.0,1426.6,297.0,1526.9,2025-06,211.0,0.41
Vitaliy Sachko,28.2,1450.3,1381.2,339.0,1450.8,258.0,1371.9,391.0,1643.5,2023-07,222.0,0.36
Maxim Mrva,18.2,1449.6,1465.4,255.0,1386.8,325.0,1474.8,218.0,1619.4,2025-03,355.0,-0.1
Oliver Crawford,26.4,1448.0,1401.6,317.0,1382.4,330.0,1462.1,235.0,1580.7,2023-10,192.0,0.51
Arthur Bouquier,24.8,1447.9,1443.0,274.0,1303.9,409.0,1411.4,320.0,1732.0,2025-03,232.0,0.33
Karue Sell,31.7,1446.2,1413.5,302.0,1411.8,299.0,1423.1,300.0,1529.3,2024-10,484.0,-0.4
Mika Brunold,21.0,1445.2,1412.0,306.0,1399.5,312.0,1422.6,301.0,1510.9,2025-07,304.0,0.06
Andrej Martin,35.9,1444.0,1359.8,362.0,1416.4,292.0,1334.3,448.0,1674.7,2014-08,388.0,-0.18
Inaki Montes De La Torre,23.0,1442.6,1421.0,297.0,1363.8,356.0,1421.3,303.0,1529.0,2025-02,363.0,-0.11
Nicolas Kicker,33.1,1441.9,1385.8,331.0,1434.0,272.0,1370.4,395.0,1706.2,2018-05,278.0,0.16
Dmitry Popko,28.9,1441.7,1439.5,278.0,1389.5,323.0,1351.1,424.0,1631.7,2020-01,225.0,0.38
Ioannis Xilas,24.4,1440.5,1422.7,295.0,1470.3,242.0,1470.3,225.0,1652.3,2025-08,495.0,-0.41
Aziz Dougaz,28.3,1438.8,1412.7,304.0,1425.7,284.0,1390.3,356.0,1555.3,2020-02,289.0,0.13
Pedro Boscardin Dias,22.7,1438.0,1256.9,448.0,1428.3,282.0,1419.0,305.0,1444.6,2025-10,283.0,0.16
Alex Rybakov,28.7,1437.9,1409.3,309.0,1379.9,336.0,1440.1,276.0,1516.5,2022-07,268.0,0.21
Murphy Cassone,23.1,1436.3,1417.9,300.0,1322.3,395.0,1402.3,334.0,1684.9,2025-02,245.0,0.31
Antoine Escoffier,33.6,1435.7,1413.4,303.0,1258.4,446.0,1360.8,410.0,1628.4,2023-03,414.0,-0.21
Bernabe Zapata Miralles,28.7,1433.4,1390.2,327.0,1419.9,289.0,1433.6,289.0,1779.9,2023-05,417.0,-0.22
Daniel Masur,30.8,1433.0,1406.4,313.0,1397.1,313.0,1412.0,319.0,1621.9,2021-03,444.0,-0.28
Mili Poljicak,21.1,1433.0,1277.6,431.0,1418.7,290.0,1380.6,380.0,1508.5,2025-05,392.0,-0.15
Eliakim Coulibaly,23.4,1432.6,1410.8,308.0,1365.2,354.0,1416.3,308.0,1537.1,2025-05,292.0,0.15
Kenta Miyoshi,21.4,1431.0,1396.6,321.0,1325.5,392.0,1415.5,309.0,1495.1,2025-07,598.0,-0.57
Clement Tabur,25.7,1431.0,1361.7,361.0,1403.1,309.0,1385.0,372.0,1565.2,2025-06,243.0,0.34
Jakub Paul,26.5,1430.8,1374.8,347.0,1377.3,340.0,1415.4,310.0,1506.3,2025-08,321.0,0.06
Samir Banerjee,22.0,1427.9,1407.5,311.0,1324.0,394.0,1414.0,312.0,1472.4,2025-09,347.0,-0.01
Paul Jubb,25.7,1426.6,1401.3,318.0,1338.5,381.0,1445.6,262.0,1632.1,2022-03,382.0,-0.11
Arthur Gea,20.8,1426.3,1384.5,332.0,1414.6,295.0,1413.1,314.0,1506.3,2025-06,227.0,0.42
Enrico Dalla Valle,27.5,1426.1,1337.0,384.0,1413.2,298.0,1413.1,315.0,1543.6,2024-07,467.0,-0.3
Murkel Alejandro Dellien Velasco,28.0,1424.7,1375.5,346.0,1409.6,301.0,1391.2,355.0,1602.5,2022-01,265.0,0.27
Matheus Pucinelli De Almeida,24.5,1422.9,1303.1,412.0,1407.5,305.0,1412.3,318.0,1650.0,2022-03,305.0,0.13
Christoph Negritu,31.6,1421.9,1365.4,357.0,1417.0,291.0,1411.0,321.0,1540.2,2024-11,297.0,0.16
Jay Clarke,27.2,1420.2,1368.0,353.0,1414.1,296.0,1331.8,454.0,1617.4,2018-07,203.0,0.54
Edward Winter,21.0,1418.1,1374.7,348.0,1319.1,399.0,1436.6,283.0,1440.2,2025-10,461.0,-0.28
Fajing Sun,29.0,1417.2,1392.5,324.0,1240.2,458.0,1387.6,365.0,1487.1,2025-07,263.0,0.29
Adria Soriano Barrera,26.3,1416.6,1405.7,316.0,1336.1,386.0,1408.3,325.0,1429.0,2025-07,307.0,0.14
Carlo Alberto Caniato,19.9,1414.6,1345.9,373.0,1383.9,329.0,1407.3,326.0,1451.2,2025-09,,
Ivan Gakhov,28.9,1414.2,1315.4,406.0,1393.9,315.0,1378.6,382.0,1659.6,2023-05,266.0,0.29
Lorenzo Giustino,34.1,1414.1,1406.6,312.0,1356.1,363.0,1312.9,469.0,1643.8,2019-06,229.0,0.44
Andres Andrade,26.8,1413.3,1365.4,358.0,1414.7,293.0,1406.6,327.0,1584.8,2024-08,286.0,0.22
Matteo Martineau,26.7,1412.0,1398.4,319.0,1346.8,375.0,1388.2,364.0,1624.5,2024-02,316.0,0.12
Maximus Jones,21.0,1411.9,1394.4,323.0,1348.4,373.0,1406.0,328.0,1524.4,2025-04,362.0,-0.01
Luca Potenza,25.1,1411.8,1376.8,342.0,1360.2,359.0,1405.9,329.0,1470.3,2022-06,358.0,0.0
Garrett Johns,24.8,1410.8,1383.5,334.0,1326.9,391.0,1405.4,330.0,1534.5,2025-08,285.0,0.23
Filip Cristian Jianu,24.0,1410.5,1317.1,403.0,1394.2,314.0,1396.5,344.0,1578.5,2019-09,294.0,0.21
Giles Hussey,28.4,1408.0,1388.3,330.0,1314.0,401.0,1366.1,403.0,1487.3,2025-08,326.0,0.1
Mees Rottgering,18.2,1407.6,1378.0,341.0,1408.6,303.0,1437.2,281.0,1486.4,2025-02,649.0,-0.58
Santiago Fa Rodriguez Taverna,26.2,1406.9,1324.2,395.0,1404.3,308.0,1390.2,357.0,1672.6,2022-01,240.0,0.42
Jacopo Vasami,17.6,1406.3,1313.2,409.0,1390.9,319.0,1403.2,333.0,1452.9,2025-06,637.0,-0.56
Denis Yevseyev,32.3,1405.6,1373.2,349.0,1381.0,333.0,1412.7,316.0,1565.7,2024-01,323.0,0.12
Oleg Prihodko,27.9,1404.2,1336.6,385.0,1380.4,335.0,1402.1,335.0,1514.0,2021-12,376.0,-0.02
Facundo Mena,32.8,1403.2,1335.0,387.0,1381.4,332.0,1366.3,402.0,1616.9,2019-09,403.0,-0.09
Mae Malige,19.5,1402.1,1382.9,336.0,1261.7,443.0,1401.1,337.0,1435.8,2025-10,420.0,-0.13
Hernan Casanova,31.6,1401.6,1267.0,439.0,1384.3,328.0,1369.9,396.0,1474.0,2022-09,354.0,0.04
Mathys Erhard,24.0,1401.2,1318.7,399.0,1378.5,339.0,1400.6,338.0,1433.0,2025-10,309.0,0.18
Viktor Durasovic,28.5,1399.7,1389.1,329.0,1337.3,383.0,1343.5,436.0,1494.2,2025-02,247.0,0.41
Juan Bautista Torres,23.5,1399.7,1301.9,414.0,1390.0,321.0,1399.8,339.0,1586.6,2022-07,381.0,-0.02
Patrick Zahraj,26.2,1397.7,1427.6,289.0,1274.2,433.0,1409.3,324.0,1596.7,2025-03,241.0,0.44
Alexey Vatutin,32.9,1397.4,1376.6,343.0,1348.2,374.0,1362.6,407.0,1637.3,2018-04,379.0,-0.01
Diego Dedura Palomero,17.5,1396.5,1281.4,428.0,1378.6,338.0,1398.2,341.0,1419.0,2025-09,357.0,0.05
Michael Geerts,30.7,1395.6,1384.4,333.0,1345.7,378.0,1341.4,440.0,1540.6,2023-03,352.0,0.07
Adrian Andreev,24.4,1395.6,1346.6,371.0,1409.2,302.0,1337.8,444.0,1642.9,2023-01,800.0,-0.75
Lautaro Midon,21.5,1394.7,1299.9,417.0,1378.8,337.0,1397.3,342.0,1498.4,2025-06,259.0,0.38
Milos Karol,22.8,1392.2,1344.6,375.0,1355.6,364.0,1396.1,345.0,1457.6,2025-10,424.0,-0.11
Nikolas Sanchez Izquierdo,26.5,1386.3,1244.1,454.0,1373.1,345.0,1393.2,349.0,1517.8,2022-06,300.0,0.24
Philip Henning,24.5,1385.7,1367.2,355.0,1350.4,371.0,1442.9,270.0,1559.8,2021-09,359.0,0.06
Tom Paris,23.1,1385.6,1346.2,372.0,1346.1,377.0,1392.8,351.0,1459.7,2025-09,262.0,0.38
Alfredo Perez,28.4,1384.5,1342.8,377.0,1386.1,326.0,1392.2,353.0,1451.2,2025-10,315.0,0.2
Philip Sekulic,22.1,1381.5,1358.4,363.0,1269.5,439.0,1352.6,422.0,1533.1,2024-07,465.0,-0.19
Henry Searle,19.5,1381.1,1347.4,370.0,1308.6,403.0,1366.9,399.0,1474.6,2025-06,391.0,-0.01
Daniel Michalski,25.6,1380.7,1382.7,337.0,1354.1,368.0,1440.4,275.0,1590.8,2020-02,264.0,0.38
Jacopo Berrettini,26.8,1380.0,1314.2,407.0,1372.3,346.0,1390.0,358.0,1592.3,2024-05,331.0,0.16
Max Houkes,25.3,1378.8,1269.8,436.0,1370.6,348.0,1355.5,419.0,1481.3,2025-03,272.0,0.36
Robin Bertrand,22.6,1378.4,1351.9,367.0,1292.0,419.0,1389.2,361.0,1540.9,2024-07,302.0,0.26
Jie Cui,27.7,1377.0,1350.3,369.0,1246.4,451.0,1388.5,363.0,1491.5,2025-05,311.0,0.23
Pol Martin Tiffon,26.1,1377.0,1316.0,405.0,1372.2,347.0,1355.7,418.0,1512.6,2025-03,301.0,0.26
Tung Lin Wu,27.4,1376.0,1341.2,382.0,1406.1,307.0,1347.4,429.0,1605.0,2023-04,511.0,-0.26
Rudolf Molleker,24.8,1374.2,1330.4,392.0,1366.7,352.0,1356.4,416.0,1712.9,2019-06,423.0,-0.07
Govind Nanda,24.4,1374.0,1351.5,368.0,1301.6,411.0,1387.0,367.0,1501.0,2022-09,508.0,-0.25
Bor Artnak,21.3,1371.5,1341.6,379.0,1421.9,286.0,1435.7,285.0,1587.4,2022-09,466.0,-0.16
Benoit Paire,36.3,1370.9,1345.8,374.0,1389.9,322.0,1416.5,307.0,1909.0,2013-05,735.0,-0.62
Nicolas Alvarez Varona,24.3,1370.4,1390.5,326.0,1314.4,400.0,1385.2,371.0,1526.2,2022-11,325.0,0.2
Miguel Tobon,19.3,1369.5,1341.5,380.0,1359.7,361.0,1395.7,347.0,1600.3,1995-09,571.0,-0.36
Giovanni Fonio,27.3,1369.2,1380.3,340.0,1329.5,389.0,1384.6,374.0,1566.9,2023-02,428.0,-0.07
Dali Blanch,22.6,1367.5,1247.9,452.0,1377.3,341.0,1383.7,376.0,1464.6,2025-08,440.0,-0.09
Blake Ellis,26.1,1365.6,1338.1,383.0,1292.8,417.0,1382.8,378.0,1490.7,2018-02,447.0,-0.11
Hiroki Moriya,34.8,1364.2,1332.7,390.0,1260.6,444.0,1359.4,412.0,1584.0,2012-12,432.0,-0.07
Sascha Gueymard Wayenburg,22.2,1364.1,1317.5,401.0,1387.8,324.0,1346.5,430.0,1563.9,2025-01,219.0,0.61
Tyler Zink,24.7,1363.6,1341.5,381.0,1270.2,438.0,1396.6,343.0,1473.9,2025-10,299.0,0.3
Stefan Dostanic,23.8,1363.3,1335.0,388.0,1291.6,420.0,1381.6,379.0,1383.6,2025-08,422.0,-0.04
Aidan Mayo,22.2,1361.9,1353.1,366.0,1270.6,437.0,1387.1,366.0,1541.1,2024-11,318.0,0.25
Raul Brancaccio,28.4,1361.8,1333.6,389.0,1355.0,366.0,1350.4,425.0,1644.9,2023-01,396.0,0.03
Maximilian Neuchrist,34.1,1360.8,1323.5,397.0,1334.1,387.0,1349.9,426.0,1549.9,2023-04,537.0,-0.27
Khumoun Sultanov,26.9,1356.8,1344.5,376.0,1266.5,441.0,1389.1,362.0,1553.9,2025-02,,
Matias Soto,26.5,1353.4,1298.1,420.0,1346.2,376.0,1376.7,384.0,1461.2,2025-03,275.0,0.4
Omar Jasika,28.4,1352.0,1332.5,391.0,1273.0,434.0,1270.6,475.0,1669.1,2017-02,310.0,0.28
Kokoro Isomura,22.7,1351.8,1326.9,394.0,1285.9,422.0,1375.9,385.0,1428.8,2024-11,479.0,-0.15
Federico Arnaboldi,25.2,1350.5,1298.3,419.0,1325.1,393.0,1344.7,433.0,1623.0,2024-08,389.0,0.06
Toby Alex Kodat,22.4,1347.9,1297.2,423.0,1310.1,402.0,1374.0,388.0,1535.4,2024-05,593.0,-0.36
Micah Braswell,23.9,1346.1,1312.6,410.0,1283.1,424.0,1373.1,389.0,1418.6,2025-01,616.0,-0.39
Kaichi Uchida,31.1,1345.2,1321.5,398.0,1306.0,406.0,1385.3,370.0,1571.8,2023-02,328.0,0.24
Gabi Adrian Boitan,26.2,1345.2,1297.4,422.0,1341.6,380.0,1422.6,302.0,1488.6,2022-03,334.0,0.22
Christian Langmo,29.2,1344.0,1313.5,408.0,1190.6,473.0,1372.0,390.0,1411.8,2023-04,327.0,0.25
Ergi Kirkin,26.6,1343.6,1323.7,396.0,1328.9,390.0,1358.8,413.0,1516.7,2022-05,476.0,-0.13
Aleksandre Bakshi,28.1,1340.0,1316.5,404.0,1420.0,288.0,1420.0,304.0,1613.0,2024-07,538.0,-0.25
Charles Broom,27.5,1337.9,1299.4,418.0,1279.0,427.0,1371.4,392.0,1536.4,2024-06,350.0,0.19
Franco Roncadelli,25.7,1337.4,1233.3,462.0,1332.2,388.0,1368.7,397.0,1399.7,2025-06,366.0,0.14
Robert Strombachs,26.0,1336.7,1355.9,364.0,1277.0,429.0,1368.4,398.0,1479.9,2025-05,386.0,0.09
Jelle Sels,30.1,1333.2,1364.8,359.0,1297.9,415.0,1262.9,476.0,1640.8,2022-11,380.0,0.11
Aryan Shah,19.9,1333.2,1335.6,386.0,1275.1,432.0,1366.6,400.0,1524.6,2025-07,385.0,0.1
Cannon Kingsley,24.4,1331.6,1317.3,402.0,1250.6,448.0,1365.8,404.0,1468.0,2023-09,568.0,-0.29
Pedro Sakamoto,31.9,1330.6,1282.3,427.0,1319.4,397.0,1365.3,405.0,1495.6,2019-05,418.0,0.02
Daniel Dutra Da Silva,37.3,1327.0,1258.0,447.0,1302.0,410.0,1349.6,427.0,1519.5,2009-02,329.0,0.27
Yusuke Takahashi,28.0,1325.1,1302.5,413.0,1291.1,421.0,1362.5,408.0,1451.5,2018-01,427.0,0.01
Andrea Picchione,27.2,1324.4,1266.5,440.0,1305.2,407.0,1362.2,409.0,1366.1,2024-04,395.0,0.09
Patrick Maloney,25.6,1320.7,1273.3,434.0,1322.0,396.0,1370.7,394.0,1467.5,2025-07,343.0,0.23
Florent Bax,26.2,1319.7,1292.0,425.0,1301.3,412.0,1359.9,411.0,1449.1,2025-04,312.0,0.33
Corentin Denolly,28.3,1317.9,1268.4,438.0,1277.9,428.0,1345.6,432.0,1455.6,2025-03,375.0,0.15
Renzo Olivo,33.2,1317.5,1296.5,424.0,1292.8,418.0,1330.5,460.0,1643.4,2015-02,412.0,0.05
Tiago Pereira,21.3,1313.8,1280.6,429.0,1306.9,405.0,1356.9,415.0,1406.9,2025-08,280.0,0.44
Olle Wallin,23.9,1312.4,1274.3,433.0,1308.4,404.0,1356.2,417.0,1488.2,2025-07,434.0,0.01
Lukas Pokorny,23.2,1310.5,1300.8,416.0,1262.6,442.0,1355.3,420.0,1435.5,2025-05,458.0,-0.04
Blaise Bicknell,23.8,1308.3,1301.8,415.0,1270.9,435.0,1404.1,331.0,1587.2,2024-02,524.0,-0.18
Saba Purtseladze,24.1,1308.0,1297.9,421.0,1209.8,467.0,1332.1,453.0,1466.8,2025-05,288.0,0.42
Maxime Janvier,28.9,1305.8,1271.1,435.0,1285.1,423.0,1351.2,423.0,1601.5,2019-09,532.0,-0.19
Max Wiskandt,23.7,1304.2,1260.1,445.0,1297.7,416.0,1324.9,465.0,1454.0,2025-04,436.0,0.01
Dan Martin,26.4,1301.9,1236.6,459.0,1305.2,408.0,1323.1,467.0,1343.8,2025-09,451.0,-0.02
Taha Baadi,24.1,1300.1,1290.7,426.0,1256.4,447.0,1314.3,468.0,1300.1,2025-09,670.0,-0.41
Renta Tokuda,27.5,1297.0,1275.2,432.0,1209.7,468.0,1348.5,428.0,1380.8,2018-05,313.0,0.35
Mateus Alves,24.7,1291.6,1175.5,473.0,1298.3,413.0,1345.8,431.0,1422.1,2024-11,446.0,0.0
Carlos Sanchez Jover,25.1,1289.4,1228.7,463.0,1269.1,440.0,1344.7,434.0,1440.5,2023-09,368.0,0.19
Darwin Blanch,18.0,1287.4,1264.8,441.0,1241.2,456.0,1343.7,435.0,1429.2,2025-08,335.0,0.29
Keegan Smith,27.3,1287.1,1258.9,446.0,1186.6,474.0,1343.5,437.0,1403.9,2021-12,485.0,-0.08
Gonzalo Villanueva,30.7,1284.9,1196.5,470.0,1275.2,431.0,1342.4,438.0,1454.7,2022-05,344.0,0.27
Naoki Nakagawa,28.7,1284.8,1268.7,437.0,1146.6,476.0,1342.4,439.0,1327.7,2024-09,641.0,-0.35
Marek Gengel,30.0,1282.0,1263.4,443.0,1195.7,470.0,1300.6,471.0,1505.8,2023-01,320.0,0.35
Guido Ivan Justo,27.8,1279.4,1225.4,464.0,1270.8,436.0,1339.7,441.0,1339.2,2025-09,369.0,0.21
Oleksandr Ovcharenko,23.9,1277.8,1263.1,444.0,1241.1,457.0,1338.9,442.0,1385.7,2025-02,490.0,-0.08
Andrew Fenty,25.6,1276.2,1255.2,449.0,1248.1,449.0,1338.1,443.0,1296.1,2025-10,439.0,0.04
Conner Huertas Del Pino,29.5,1275.6,1280.3,430.0,1244.5,452.0,1337.8,445.0,1354.2,2025-04,599.0,-0.27
Kasidit Samrej,24.7,1274.0,1254.6,450.0,1351.1,370.0,1387.0,368.0,1424.3,2019-04,404.0,0.12
Neil Oberleitner,26.1,1269.7,1240.1,457.0,1246.9,450.0,1334.9,447.0,1378.0,2024-07,429.0,0.07
Karan Singh,22.2,1266.6,1221.1,467.0,1280.2,426.0,1333.3,449.0,1339.8,2025-02,456.0,0.01
Masamichi Imamura,26.9,1266.2,1240.1,458.0,1243.1,453.0,1333.1,450.0,1394.5,2024-11,569.0,-0.21
Lucas Poullain,29.8,1265.4,1246.4,453.0,1229.9,463.0,1332.7,451.0,1590.8,2023-10,370.0,0.22
Pedro Araujo,23.5,1265.1,1244.0,455.0,1213.7,465.0,1332.6,452.0,1307.5,2025-01,521.0,-0.12
Alexandr Binda,23.9,1263.6,1233.9,461.0,1241.8,454.0,1331.8,455.0,1450.9,2025-07,397.0,0.15
Luciano Emanuel Ambrogi,21.8,1263.1,1182.7,472.0,1260.4,445.0,1331.6,456.0,1410.3,2024-09,450.0,0.03
Federico Bondioli,20.3,1262.3,1200.2,469.0,1275.7,430.0,1331.1,458.0,1422.6,2025-06,409.0,0.13
Juan Alejandro Hernandez Serrano,26.3,1261.1,1250.0,451.0,1212.6,466.0,1330.6,459.0,1300.9,2025-06,415.0,0.12
Miguel Damas,25.7,1260.0,1236.1,460.0,1236.6,461.0,1330.0,461.0,1310.3,2022-04,333.0,0.34
Roberto Cid,32.0,1254.2,1263.4,442.0,1221.8,464.0,1331.5,457.0,1621.4,2018-06,373.0,0.23
Maxime Chazal,32.3,1252.4,1171.7,474.0,1241.3,455.0,1326.2,462.0,1382.8,2015-09,572.0,-0.2
Max Alcala Gurri,23.0,1251.3,1223.0,466.0,1238.0,460.0,1325.7,463.0,1332.3,2022-04,408.0,0.14
Moerani Bouzige,26.2,1250.7,1223.5,465.0,1235.3,462.0,1325.3,464.0,1416.7,2024-12,317.0,0.4
Mariano Kestelboim,29.7,1247.7,1195.3,471.0,1238.6,459.0,1323.9,466.0,1312.1,2025-06,402.0,0.16
Sebastian Gima,23.4,1220.7,1220.4,468.0,1194.8,471.0,1310.4,470.0,1251.0,2025-08,557.0,-0.16
Alex Marti Pujolras,26.5,1197.4,1240.2,456.0,1172.4,475.0,1298.7,472.0,1359.7,2023-04,438.0,0.08
Lorenzo Carboni,19.6,1195.3,1155.0,475.0,1198.6,469.0,1297.7,473.0,1325.2,2023-08,425.0,0.11
Juan Carlos Aguilar,26.6,1150.0,1110.4,476.0,1193.8,472.0,1275.0,474.0,1243.9,2025-01,497.0,-0.04
,,,,,,,,,,,,
